date,source_timestamp_unix,stablecoin_supply_usd
2021-01-01,1609459200,27375658126.0
2021-01-02,1609545600,28273706662.0
2021-01-03,1609632000,29253311943.0
2021-01-04,1609718400,29421759680.0
2021-01-05,1609804800,29278125285.0
2021-01-06,1609891200,30082707424.0
2021-01-07,1609977600,31125447521.0
2021-01-08,1610064000,31205749318.0
2021-01-09,1610150400,32056057167.0
2021-01-10,1610236800,32342791893.0
2021-01-11,1610323200,32265050108.0
2021-01-12,1610409600,32277903447.0
2021-01-13,1610496000,32566525810.0
2021-01-14,1610582400,32637676033.0
2021-01-15,1610668800,32643280328.0
2021-01-16,1610755200,32786523404.0
2021-01-17,1610841600,33013894956.0
2021-01-18,1610928000,32988630915.0
2021-01-19,1611014400,33542943279.0
2021-01-20,1611100800,33588749567.0
2021-01-21,1611187200,33767194674.0
2021-01-22,1611273600,33816917907.0
2021-01-23,1611360000,34070284632.0
2021-01-24,1611446400,34120643812.0
2021-01-25,1611532800,34279281923.0
2021-01-26,1611619200,34222369790.0
2021-01-27,1611705600,34732159954.0
2021-01-28,1611792000,35415385053.0
2021-01-29,1611878400,36040572347.0
2021-01-30,1611964800,36551703484.0
2021-01-31,1612051200,36629455491.0
2021-02-01,1612137600,37167703961.0
2021-02-02,1612224000,37086696036.0
2021-02-03,1612310400,35663097749.0
2021-02-04,1612396800,38242784718.0
2021-02-05,1612483200,38765375111.0
2021-02-06,1612569600,39983126144.0
2021-02-07,1612656000,40081733742.0
2021-02-08,1612742400,41494705769.0
2021-02-09,1612828800,41832015214.0
2021-02-10,1612915200,43063490614.0
2021-02-11,1613001600,43411624696.0
2021-02-12,1613088000,43642979052.0
2021-02-13,1613174400,44805054278.0
2021-02-14,1613260800,45273122444.0
2021-02-15,1613347200,45318287216.0
2021-02-16,1613433600,45778782256.0
2021-02-17,1613520000,46681235565.0
2021-02-18,1613606400,46840234398.0
2021-02-19,1613692800,47471759076.0
2021-02-20,1613779200,49109402708.0
2021-02-21,1613865600,49566655523.0
2021-02-22,1613952000,49555991966.0
2021-02-23,1614038400,49998356144.0
2021-02-24,1614124800,49999448699.0
2021-02-25,1614211200,50562420978.0
2021-02-26,1614297600,50336048106.0
2021-02-27,1614384000,51066701418.0
2021-02-28,1614470400,50754678543.0
2021-03-01,1614556800,52105582169.0
2021-03-02,1614643200,52516852234.0
2021-03-03,1614729600,54029072554.0
2021-03-04,1614816000,53444825224.0
2021-03-05,1614902400,53892609327.0
2021-03-06,1614988800,54054094234.0
2021-03-07,1615075200,54357759822.0
2021-03-08,1615161600,54355635147.0
2021-03-09,1615248000,54101141780.0
2021-03-10,1615334400,55427420786.0
2021-03-11,1615420800,55698583027.0
2021-03-12,1615507200,56023489973.0
2021-03-13,1615593600,56422136775.0
2021-03-14,1615680000,56458947299.0
2021-03-15,1615766400,57499218523.0
2021-03-16,1615852800,58209242175.0
2021-03-17,1615939200,58347051686.0
2021-03-18,1616025600,58668266552.0
2021-03-19,1616112000,58962195777.0
2021-03-20,1616198400,59207118625.0
2021-03-21,1616284800,60280760071.0
2021-03-22,1616371200,60481721213.0
2021-03-23,1616457600,60713414482.0
2021-03-24,1616544000,60538066683.0
2021-03-25,1616630400,60604268208.0
2021-03-26,1616716800,60788650682.0
2021-03-27,1616803200,62237804352.0
2021-03-28,1616889600,62382334411.0
2021-03-29,1616976000,62853307642.0
2021-03-30,1617062400,62475929792.0
2021-03-31,1617148800,62756614847.0
2021-04-01,1617235200,63839005507.0
2021-04-02,1617321600,63976734696.0
2021-04-03,1617408000,66361769333.0
2021-04-04,1617494400,66701988845.0
2021-04-05,1617580800,67160922257.0
2021-04-06,1617667200,68255596889.0
2021-04-07,1617753600,68301609274.0
2021-04-08,1617840000,68730624080.0
2021-04-09,1617926400,69324515525.0
2021-04-10,1618012800,69590908069.0
2021-04-11,1618099200,69839769482.0
2021-04-12,1618185600,70820724092.0
2021-04-13,1618272000,70668087878.0
2021-04-14,1618358400,73247005131.0
2021-04-15,1618444800,73646108667.0
2021-04-16,1618531200,74259179696.0
2021-04-17,1618617600,76389791626.0
2021-04-18,1618704000,76976630064.0
2021-04-19,1618790400,80001982827.0
2021-04-20,1618876800,80222515351.0
2021-04-21,1618963200,81117622475.0
2021-04-22,1619049600,81467114707.0
2021-04-23,1619136000,81838661523.0
2021-04-24,1619222400,81969558368.0
2021-04-25,1619308800,81910379244.0
2021-04-26,1619395200,82661750821.0
2021-04-27,1619481600,83025228288.0
2021-04-28,1619568000,83081012479.0
2021-04-29,1619654400,83896411610.0
2021-04-30,1619740800,83557084261.0
2021-05-01,1619827200,84911176660.0
2021-05-02,1619913600,85388401447.0
2021-05-03,1620000000,86631372130.0
2021-05-04,1620086400,86753985494.0
2021-05-05,1620172800,89046190495.0
2021-05-06,1620259200,89599264423.0
2021-05-07,1620345600,90157181884.0
2021-05-08,1620432000,90325387449.0
2021-05-09,1620518400,90643431396.0
2021-05-10,1620604800,91978780612.0
2021-05-11,1620691200,93602042339.0
2021-05-12,1620777600,94481568010.0
2021-05-13,1620864000,94525992235.0
2021-05-14,1620950400,94057749920.0
2021-05-15,1621036800,94695973939.0
2021-05-16,1621123200,94711525005.0
2021-05-17,1621209600,95201516932.0
2021-05-18,1621296000,96805673841.0
2021-05-19,1621382400,96359554909.0
2021-05-20,1621468800,95190806599.0
2021-05-21,1621555200,97007684922.0
2021-05-22,1621641600,99100270831.0
2021-05-23,1621728000,99805569542.0
2021-05-24,1621814400,100951864953.0
2021-05-25,1621900800,101575300669.0
2021-05-26,1621987200,101860855193.0
2021-05-27,1622073600,102916476566.0
2021-05-28,1622160000,104040708564.0
2021-05-29,1622246400,104784309319.0
2021-05-30,1622332800,104335023551.0
2021-05-31,1622419200,102350266106.0
2021-06-01,1622505600,105707446119.0
2021-06-02,1622592000,106345950326.0
2021-06-03,1622678400,106332473404.0
2021-06-04,1622764800,106967813792.0
2021-06-05,1622851200,107179699301.0
2021-06-06,1622937600,107489513559.0
2021-06-07,1623024000,107957707483.0
2021-06-08,1623110400,107416963070.0
2021-06-09,1623196800,108121522882.0
2021-06-10,1623283200,108422839999.0
2021-06-11,1623369600,108050872917.0
2021-06-12,1623456000,107848326042.0
2021-06-13,1623542400,108151032611.0
2021-06-14,1623628800,108259833778.0
2021-06-15,1623715200,108346066674.0
2021-06-16,1623801600,108489463314.0
2021-06-17,1623888000,107812615186.0
2021-06-18,1623974400,108128283541.0
2021-06-19,1624060800,108300043137.0
2021-06-20,1624147200,108613564826.0
2021-06-21,1624233600,108934049122.0
2021-06-22,1624320000,108735600177.0
2021-06-23,1624406400,109513511902.0
2021-06-24,1624492800,109690229073.0
2021-06-25,1624579200,109839758153.0
2021-06-26,1624665600,109981883594.0
2021-06-27,1624752000,110333596798.0
2021-06-28,1624838400,110493923380.0
2021-06-29,1624924800,110005223288.0
2021-06-30,1625011200,109620926186.0
2021-07-01,1625097600,110117369949.0
2021-07-02,1625184000,110328987665.0
2021-07-03,1625270400,111052164600.0
2021-07-04,1625356800,111039173339.0
2021-07-05,1625443200,110519660446.0
2021-07-06,1625529600,111191183702.0
2021-07-07,1625616000,111547956542.0
2021-07-08,1625702400,111403859088.0
2021-07-09,1625788800,111894898754.0
2021-07-10,1625875200,111876191965.0
2021-07-11,1625961600,111987671768.0
2021-07-12,1626048000,111785033408.0
2021-07-13,1626134400,112124869750.0
2021-07-14,1626220800,111915645613.0
2021-07-15,1626307200,111874878412.0
2021-07-16,1626393600,112647189273.0
2021-07-17,1626480000,111854212971.0
2021-07-18,1626566400,112318599424.0
2021-07-19,1626652800,112698274707.0
2021-07-20,1626739200,112449698155.0
2021-07-21,1626825600,112547114480.0
2021-07-22,1626912000,113015426044.0
2021-07-23,1626998400,112904681262.0
2021-07-24,1627084800,113222444248.0
2021-07-25,1627171200,113453703630.0
2021-07-26,1627257600,113951105151.0
2021-07-27,1627344000,113677857718.0
2021-07-28,1627430400,114263356795.0
2021-07-29,1627516800,113864411550.0
2021-07-30,1627603200,114086188070.0
2021-07-31,1627689600,114664254169.0
2021-08-01,1627776000,114087518678.0
2021-08-02,1627862400,114041827687.0
2021-08-03,1627948800,114206765922.0
2021-08-04,1628035200,114569446648.0
2021-08-05,1628121600,112672180971.0
2021-08-06,1628208000,113221422090.0
2021-08-07,1628294400,113618576750.0
2021-08-08,1628380800,114881527345.0
2021-08-09,1628467200,114928147283.0
2021-08-10,1628553600,115005621682.0
2021-08-11,1628640000,114538705870.0
2021-08-12,1628726400,114605586658.0
2021-08-13,1628812800,114793537848.0
2021-08-14,1628899200,114607821685.0
2021-08-15,1628985600,115632961456.0
2021-08-16,1629072000,115792598962.0
2021-08-17,1629158400,115650786821.0
2021-08-18,1629244800,115585763625.0
2021-08-19,1629331200,115799908806.0
2021-08-20,1629417600,116422107244.0
2021-08-21,1629504000,116537394180.0
2021-08-22,1629590400,116545856390.0
2021-08-23,1629676800,118127799293.0
2021-08-24,1629763200,115740949966.0
2021-08-25,1629849600,117742605523.0
2021-08-26,1629936000,117628481785.0
2021-08-27,1630022400,117576424380.0
2021-08-28,1630108800,118035339948.0
2021-08-29,1630195200,118096327305.0
2021-08-30,1630281600,118131543242.0
2021-08-31,1630368000,118044808424.0
2021-09-01,1630454400,118462298510.0
2021-09-02,1630540800,118561229842.0
2021-09-03,1630627200,119630285058.0
2021-09-04,1630713600,119786178879.0
2021-09-05,1630800000,119863005188.0
2021-09-06,1630886400,120999045509.0
2021-09-07,1630972800,123078023288.0
2021-09-08,1631059200,123611941629.0
2021-09-09,1631145600,124015253020.0
2021-09-10,1631232000,124346819079.0
2021-09-11,1631318400,123492343794.0
2021-09-12,1631404800,124004448107.0
2021-09-13,1631491200,124564131458.0
2021-09-14,1631577600,123983966147.0
2021-09-15,1631664000,124282410800.0
2021-09-16,1631750400,124187104932.0
2021-09-17,1631836800,124440305071.0
2021-09-18,1631923200,124932503717.0
2021-09-19,1632009600,124849410109.0
2021-09-20,1632096000,125090267495.0
2021-09-21,1632182400,124133615603.0
2021-09-22,1632268800,123914115583.0
2021-09-23,1632355200,125141977906.0
2021-09-24,1632441600,125792201787.0
2021-09-25,1632528000,126522461588.0
2021-09-26,1632614400,127197461002.0
2021-09-27,1632700800,127671458775.0
2021-09-28,1632787200,126299908074.0
2021-09-29,1632873600,126308864603.0
2021-09-30,1632960000,127365031050.0
2021-10-01,1633046400,127126472526.0
2021-10-02,1633132800,127213858690.0
2021-10-03,1633219200,127295300467.0
2021-10-04,1633305600,127673601281.0
2021-10-05,1633392000,127636018533.0
2021-10-06,1633478400,127875440099.0
2021-10-07,1633564800,128307640967.0
2021-10-08,1633651200,128500383443.0
2021-10-09,1633737600,128712011414.0
2021-10-10,1633824000,128950939683.0
2021-10-11,1633910400,129000466654.0
2021-10-12,1633996800,129619444823.0
2021-10-13,1634083200,129150916259.0
2021-10-14,1634169600,129280694684.0
2021-10-15,1634256000,129545417019.0
2021-10-16,1634342400,129760473173.0
2021-10-17,1634428800,129767918195.0
2021-10-18,1634515200,129644690225.0
2021-10-19,1634601600,129449962362.0
2021-10-20,1634688000,129392550662.0
2021-10-21,1634774400,129879533369.0
2021-10-22,1634860800,129571555181.0
2021-10-23,1634947200,130175649476.0
2021-10-24,1635033600,130401523894.0
2021-10-25,1635120000,130325720237.0
2021-10-26,1635206400,130379038072.0
2021-10-27,1635292800,129851989316.0
2021-10-28,1635379200,130532974537.0
2021-10-29,1635465600,131020387743.0
2021-10-30,1635552000,131490254956.0
2021-10-31,1635638400,131867911789.0
2021-11-01,1635724800,131653666044.0
2021-11-02,1635811200,133172305764.0
2021-11-03,1635897600,134291799367.0
2021-11-04,1635984000,134220641041.0
2021-11-05,1636070400,135559529763.0
2021-11-06,1636156800,136992988877.0
2021-11-07,1636243200,136832830695.0
2021-11-08,1636329600,138124190100.0
2021-11-09,1636416000,137053349049.0
2021-11-10,1636502400,139553905414.0
2021-11-11,1636588800,139719047373.0
2021-11-12,1636675200,139448011689.0
2021-11-13,1636761600,140555809113.0
2021-11-14,1636848000,140962968933.0
2021-11-15,1636934400,142182097325.0
2021-11-16,1637020800,142011059169.0
2021-11-17,1637107200,143000477617.0
2021-11-18,1637193600,144346811131.0
2021-11-19,1637280000,144032962241.0
2021-11-20,1637366400,145948841562.0
2021-11-21,1637452800,146593710830.0
2021-11-22,1637539200,146477738499.0
2021-11-23,1637625600,146073263732.0
2021-11-24,1637712000,146532932562.0
2021-11-25,1637798400,146936205770.0
2021-11-26,1637884800,147755296884.0
2021-11-27,1637971200,148414235620.0
2021-11-28,1638057600,148785519438.0
2021-11-29,1638144000,148950392158.0
2021-11-30,1638230400,148383381279.0
2021-12-01,1638316800,149077932307.0
2021-12-02,1638403200,149796521755.0
2021-12-03,1638489600,149674844232.0
2021-12-04,1638576000,151428385148.0
2021-12-05,1638662400,152628040752.0
2021-12-06,1638748800,153451959695.0
2021-12-07,1638835200,154200800435.0
2021-12-08,1638921600,155033649078.0
2021-12-09,1639008000,153107416018.0
2021-12-10,1639094400,155456882274.0
2021-12-11,1639180800,155559529761.0
2021-12-12,1639267200,156248467348.0
2021-12-13,1639353600,156342320990.0
2021-12-14,1639440000,156217907370.0
2021-12-15,1639526400,158120196514.0
2021-12-16,1639612800,158180759526.0
2021-12-17,1639699200,158040694294.0
2021-12-18,1639785600,158501915801.0
2021-12-19,1639872000,159098354014.0
2021-12-20,1639958400,158802558654.0
2021-12-21,1640044800,160356889734.0
2021-12-22,1640131200,160739762243.0
2021-12-23,1640217600,159336251374.0
2021-12-24,1640304000,159950199063.0
2021-12-25,1640390400,160292553534.0
2021-12-26,1640476800,160179383799.0
2021-12-27,1640563200,161408699190.0
2021-12-28,1640649600,161357191387.0
2021-12-29,1640736000,161386084121.0
2021-12-30,1640822400,161265277003.0
2021-12-31,1640908800,162533919428.0
2022-01-01,1640995200,161894743362.0
2022-01-02,1641081600,166987595403.0
2022-01-03,1641168000,166080942224.0
2022-01-04,1641254400,166332078829.0
2022-01-05,1641340800,166333283414.0
2022-01-06,1641427200,167283567567.0
2022-01-07,1641513600,167108560575.0
2022-01-08,1641600000,166919250273.0
2022-01-09,1641686400,166346460737.0
2022-01-10,1641772800,166260314932.0
2022-01-11,1641859200,167500397800.0
2022-01-12,1641945600,167719722167.0
2022-01-13,1642032000,168618635217.0
2022-01-14,1642118400,168856168877.0
2022-01-15,1642204800,169138581565.0
2022-01-16,1642291200,169278285205.0
2022-01-17,1642377600,169659131618.0
2022-01-18,1642464000,170236237095.0
2022-01-19,1642550400,169757218620.0
2022-01-20,1642636800,170333439008.0
2022-01-21,1642723200,171065590048.0
2022-01-22,1642809600,170276902283.0
2022-01-23,1642896000,172442522123.0
2022-01-24,1642982400,171824202644.0
2022-01-25,1643068800,173012638344.0
2022-01-26,1643155200,172881281051.0
2022-01-27,1643241600,174010306137.0
2022-01-28,1643328000,174261313570.0
2022-01-29,1643414400,172832143375.0
2022-01-30,1643500800,173648545159.0
2022-01-31,1643587200,173207296275.0
2022-02-01,1643673600,173678332432.0
2022-02-02,1643760000,174201986706.0
2022-02-03,1643846400,174825395209.0
2022-02-04,1643932800,175776833285.0
2022-02-05,1644019200,177275489393.0
2022-02-06,1644105600,176170914216.0
2022-02-07,1644192000,176667458603.0
2022-02-08,1644278400,176894462623.0
2022-02-09,1644364800,177661497092.0
2022-02-10,1644451200,178219583732.0
2022-02-11,1644537600,179183896185.0
2022-02-12,1644624000,179781430738.0
2022-02-13,1644710400,179765102930.0
2022-02-14,1644796800,179968597850.0
2022-02-15,1644883200,179787974604.0
2022-02-16,1644969600,180400192308.0
2022-02-17,1645056000,180332737691.0
2022-02-18,1645142400,180633941521.0
2022-02-19,1645228800,181045560108.0
2022-02-20,1645315200,182048298273.0
2022-02-21,1645401600,181619160509.0
2022-02-22,1645488000,181936067990.0
2022-02-23,1645574400,182243008686.0
2022-02-24,1645660800,182628232789.0
2022-02-25,1645747200,183135172500.0
2022-02-26,1645833600,182601536593.0
2022-02-27,1645920000,183359601774.0
2022-02-28,1646006400,184075922014.0
2022-03-01,1646092800,183440999761.0
2022-03-02,1646179200,183563878698.0
2022-03-03,1646265600,183790867201.0
2022-03-04,1646352000,183571957441.0
2022-03-05,1646438400,183521384113.0
2022-03-06,1646524800,183751921664.0
2022-03-07,1646611200,183944742776.0
2022-03-08,1646697600,182926360712.0
2022-03-09,1646784000,183521655865.0
2022-03-10,1646870400,183874214120.0
2022-03-11,1646956800,184318113320.0
2022-03-12,1647043200,184287863476.0
2022-03-13,1647129600,184539718857.0
2022-03-14,1647216000,184771633265.0
2022-03-15,1647302400,184558839140.0
2022-03-16,1647388800,184479266367.0
2022-03-17,1647475200,184699501176.0
2022-03-18,1647561600,185427952276.0
2022-03-19,1647648000,186033730246.0
2022-03-20,1647734400,186236571910.0
2022-03-21,1647820800,186495318153.0
2022-03-22,1647907200,186460445884.0
2022-03-23,1647993600,186233178424.0
2022-03-24,1648080000,185599897164.0
2022-03-25,1648166400,185879702771.0
2022-03-26,1648252800,185461986125.0
2022-03-27,1648339200,185691609319.0
2022-03-28,1648425600,185597675271.0
2022-03-29,1648512000,185430949275.0
2022-03-30,1648598400,186285614394.0
2022-03-31,1648684800,187096302148.0
2022-04-01,1648771200,186622372566.0
2022-04-02,1648857600,187391942652.0
2022-04-03,1648944000,187056596134.0
2022-04-04,1649030400,187011943815.0
2022-04-05,1649116800,186796803621.0
2022-04-06,1649203200,186882362226.0
2022-04-07,1649289600,186004443848.0
2022-04-08,1649376000,186109968175.0
2022-04-09,1649462400,186415512678.0
2022-04-10,1649548800,186820952888.0
2022-04-11,1649635200,186823358795.0
2022-04-12,1649721600,186028430149.0
2022-04-13,1649808000,186322317740.0
2022-04-14,1649894400,185838228053.0
2022-04-15,1649980800,185898595642.0
2022-04-16,1650067200,185872684306.0
2022-04-17,1650153600,185876599678.0
2022-04-18,1650240000,186014332758.0
2022-04-19,1650326400,185805045771.0
2022-04-20,1650412800,185990856370.0
2022-04-21,1650499200,186135614099.0
2022-04-22,1650585600,186550806481.0
2022-04-23,1650672000,186884288700.0
2022-04-24,1650758400,187119500222.0
2022-04-25,1650844800,186963531157.0
2022-04-26,1650931200,187015867133.0
2022-04-27,1651017600,186538263699.0
2022-04-28,1651104000,186459057703.0
2022-04-29,1651190400,186357929000.0
2022-04-30,1651276800,186793183826.0
2022-05-01,1651363200,187059239551.0
2022-05-02,1651449600,186861568501.0
2022-05-03,1651536000,186591731522.0
2022-05-04,1651622400,186657318211.0
2022-05-05,1651708800,186220855767.0
2022-05-06,1651795200,186443085966.0
2022-05-07,1651881600,185659333778.0
2022-05-08,1651968000,185444316534.0
2022-05-09,1652054400,180003932412.0
2022-05-10,1652140800,176977547082.0
2022-05-11,1652227200,176021893184.0
2022-05-12,1652313600,160111332612.0
2022-05-13,1652400000,159859520640.0
2022-05-14,1652486400,158564041612.0
2022-05-15,1652572800,158008821059.0
2022-05-16,1652659200,158064097460.0
2022-05-17,1652745600,159413236718.0
2022-05-18,1652832000,158263160172.0
2022-05-19,1652918400,158499144778.0
2022-05-20,1653004800,159156483288.0
2022-05-21,1653091200,158417603244.0
2022-05-22,1653177600,158475938087.0
2022-05-23,1653264000,158578457825.0
2022-05-24,1653350400,158670219361.0
2022-05-25,1653436800,158827028632.0
2022-05-26,1653523200,158969444065.0
2022-05-27,1653609600,158594112075.0
2022-05-28,1653696000,158141251758.0
2022-05-29,1653782400,158317850025.0
2022-05-30,1653868800,158210159072.0
2022-05-31,1653955200,158731339487.0
2022-06-01,1654041600,159296790757.0
2022-06-02,1654128000,160264129409.0
2022-06-03,1654214400,159387989292.0
2022-06-04,1654300800,159378201658.0
2022-06-05,1654387200,159318404528.0
2022-06-06,1654473600,159329214489.0
2022-06-07,1654560000,159224391538.0
2022-06-08,1654646400,159107444347.0
2022-06-09,1654732800,159078010669.0
2022-06-10,1654819200,159146853848.0
2022-06-11,1654905600,158697485989.0
2022-06-12,1654992000,158416739423.0
2022-06-13,1655078400,158139729196.0
2022-06-14,1655164800,156870816044.0
2022-06-15,1655251200,155935668777.0
2022-06-16,1655337600,155143029661.0
2022-06-17,1655424000,154643688106.0
2022-06-18,1655510400,154095812453.0
2022-06-19,1655596800,154180025567.0
2022-06-20,1655683200,153950288992.0
2022-06-21,1655769600,153296812292.0
2022-06-22,1655856000,153414687876.0
2022-06-23,1655942400,153383413427.0
2022-06-24,1656028800,152987239268.0
2022-06-25,1656115200,152990202603.0
2022-06-26,1656201600,153199371691.0
2022-06-27,1656288000,153193419304.0
2022-06-28,1656374400,152962218106.0
2022-06-29,1656460800,152893740186.0
2022-06-30,1656547200,152787706050.0
2022-07-01,1656633600,152663528744.0
2022-07-02,1656720000,153384513551.0
2022-07-03,1656806400,153348368239.0
2022-07-04,1656892800,153224621112.0
2022-07-05,1656979200,153260988596.0
2022-07-06,1657065600,153295218999.0
2022-07-07,1657152000,153046068807.0
2022-07-08,1657238400,152802950055.0
2022-07-09,1657324800,152953664677.0
2022-07-10,1657411200,152973934393.0
2022-07-11,1657497600,152865402930.0
2022-07-12,1657584000,153033567872.0
2022-07-13,1657670400,152730651477.0
2022-07-14,1657756800,152735818223.0
2022-07-15,1657843200,152809370833.0
2022-07-16,1657929600,152258105635.0
2022-07-17,1658016000,152317341745.0
2022-07-18,1658102400,152412018425.0
2022-07-19,1658188800,152660769584.0
2022-07-20,1658275200,152570537599.0
2022-07-21,1658361600,152764751593.0
2022-07-22,1658448000,152712129660.0
2022-07-23,1658534400,152843691759.0
2022-07-24,1658620800,152948190147.0
2022-07-25,1658707200,152932405690.0
2022-07-26,1658793600,152907898899.0
2022-07-27,1658880000,152829637494.0
2022-07-28,1658966400,152905558958.0
2022-07-29,1659052800,152712189988.0
2022-07-30,1659139200,152828151594.0
2022-07-31,1659225600,152833987943.0
2022-08-01,1659312000,152833041936.0
2022-08-02,1659398400,153097134125.0
2022-08-03,1659484800,153030596754.0
2022-08-04,1659571200,153020117328.0
2022-08-05,1659657600,152940674070.0
2022-08-06,1659744000,153105336268.0
2022-08-07,1659830400,153138488098.0
2022-08-08,1659916800,153056197389.0
2022-08-09,1660003200,152821750179.0
2022-08-10,1660089600,152750660561.0
2022-08-11,1660176000,153033620298.0
2022-08-12,1660262400,152981946072.0
2022-08-13,1660348800,152815246311.0
2022-08-14,1660435200,153052198595.0
2022-08-15,1660521600,152536438261.0
2022-08-16,1660608000,152841879383.0
2022-08-17,1660694400,152724168260.0
2022-08-18,1660780800,152690537523.0
2022-08-19,1660867200,152470975082.0
2022-08-20,1660953600,152367337262.0
2022-08-21,1661040000,152282317340.0
2022-08-22,1661126400,152234784913.0
2022-08-23,1661212800,152034289031.0
2022-08-24,1661299200,152158530460.0
2022-08-25,1661385600,152194411557.0
2022-08-26,1661472000,152204960264.0
2022-08-27,1661558400,152292982406.0
2022-08-28,1661644800,152361362480.0
2022-08-29,1661731200,152140370272.0
2022-08-30,1661817600,152275885173.0
2022-08-31,1661904000,152599035949.0
2022-09-01,1661990400,152389636805.0
2022-09-02,1662076800,152314925267.0
2022-09-03,1662163200,152120765301.0
2022-09-04,1662249600,152142773500.0
2022-09-05,1662336000,151999751305.0
2022-09-06,1662422400,151896505206.0
2022-09-07,1662508800,151910082825.0
2022-09-08,1662595200,152011707374.0
2022-09-09,1662681600,152163017507.0
2022-09-10,1662768000,152272290976.0
2022-09-11,1662854400,152395436852.0
2022-09-12,1662940800,152385513269.0
2022-09-13,1663027200,152330872619.0
2022-09-14,1663113600,152345006191.0
2022-09-15,1663200000,151977282591.0
2022-09-16,1663286400,151746440370.0
2022-09-17,1663372800,151593630116.0
2022-09-18,1663459200,151672147751.0
2022-09-19,1663545600,151612209732.0
2022-09-20,1663632000,151760430439.0
2022-09-21,1663718400,152015582173.0
2022-09-22,1663804800,151863974857.0
2022-09-23,1663891200,151864979297.0
2022-09-24,1663977600,151661881491.0
2022-09-25,1664064000,151620437493.0
2022-09-26,1664150400,151340517326.0
2022-09-27,1664236800,150597739297.0
2022-09-28,1664323200,150487696958.0
2022-09-29,1664409600,149988645060.0
2022-09-30,1664496000,149499660119.0
2022-10-01,1664582400,148247368029.0
2022-10-02,1664668800,148255813414.0
2022-10-03,1664755200,148285671461.0
2022-10-04,1664841600,148065422909.0
2022-10-05,1664928000,148028552799.0
2022-10-06,1665014400,148098167043.0
2022-10-07,1665100800,148139349891.0
2022-10-08,1665187200,148305018403.0
2022-10-09,1665273600,148316236619.0
2022-10-10,1665360000,148300398649.0
2022-10-11,1665446400,148102920497.0
2022-10-12,1665532800,147995883556.0
2022-10-13,1665619200,147485526756.0
2022-10-14,1665705600,147060157172.0
2022-10-15,1665792000,146643247363.0
2022-10-16,1665878400,146628630690.0
2022-10-17,1665964800,146555979156.0
2022-10-18,1666051200,146361958944.0
2022-10-19,1666137600,146267526538.0
2022-10-20,1666224000,146178122653.0
2022-10-21,1666310400,145772402320.0
2022-10-22,1666396800,145572640625.0
2022-10-23,1666483200,145632327322.0
2022-10-24,1666569600,145665641345.0
2022-10-25,1666656000,145340003450.0
2022-10-26,1666742400,145220004099.0
2022-10-27,1666828800,145406750198.0
2022-10-28,1666915200,145329325883.0
2022-10-29,1667001600,145440460393.0
2022-10-30,1667088000,145544750521.0
2022-10-31,1667174400,145639694887.0
2022-11-01,1667260800,145218376181.0
2022-11-02,1667347200,145240308198.0
2022-11-03,1667433600,145105309553.0
2022-11-04,1667520000,145239425891.0
2022-11-05,1667606400,145414801244.0
2022-11-06,1667692800,145461251733.0
2022-11-07,1667779200,145820548890.0
2022-11-08,1667865600,146804845954.0
2022-11-09,1667952000,147100056756.0
2022-11-10,1668038400,145340576354.0
2022-11-11,1668124800,145762480474.0
2022-11-12,1668211200,145596596170.0
2022-11-13,1668297600,144925359847.0
2022-11-14,1668384000,144756738409.0
2022-11-15,1668470400,144582168711.0
2022-11-16,1668556800,144629322669.0
2022-11-17,1668643200,144210345085.0
2022-11-18,1668729600,143848646324.0
2022-11-19,1668816000,144038279532.0
2022-11-20,1668902400,144068839763.0
2022-11-21,1668988800,144102429484.0
2022-11-22,1669075200,143250860856.0
2022-11-23,1669161600,143249926867.0
2022-11-24,1669248000,142611228750.0
2022-11-25,1669334400,142860699045.0
2022-11-26,1669420800,142561523105.0
2022-11-27,1669507200,142738408946.0
2022-11-28,1669593600,142732619105.0
2022-11-29,1669680000,141689098658.0
2022-11-30,1669766400,141060756851.0
2022-12-01,1669852800,140911454436.0
2022-12-02,1669939200,140745840430.0
2022-12-03,1670025600,141006889555.0
2022-12-04,1670112000,141176178083.0
2022-12-05,1670198400,141280980585.0
2022-12-06,1670284800,141031306910.0
2022-12-07,1670371200,140892699531.0
2022-12-08,1670457600,140728332181.0
2022-12-09,1670544000,140665248584.0
2022-12-10,1670630400,140587487802.0
2022-12-11,1670716800,140634134203.0
2022-12-12,1670803200,140748682010.0
2022-12-13,1670889600,140396114017.0
2022-12-14,1670976000,140008478227.0
2022-12-15,1671062400,139796532354.0
2022-12-16,1671148800,139827012912.0
2022-12-17,1671235200,139367752776.0
2022-12-18,1671321600,139538766142.0
2022-12-19,1671408000,139561090303.0
2022-12-20,1671494400,139197132905.0
2022-12-21,1671580800,138935084247.0
2022-12-22,1671667200,138709461547.0
2022-12-23,1671753600,138566492407.0
2022-12-24,1671840000,138066241077.0
2022-12-25,1671926400,138112325948.0
2022-12-26,1672012800,138119567624.0
2022-12-27,1672099200,138102727108.0
2022-12-28,1672185600,137634147686.0
2022-12-29,1672272000,137674202313.0
2022-12-30,1672358400,137585903468.0
2022-12-31,1672444800,137457066907.0
2023-01-01,1672531200,137354723242.0
2023-01-02,1672617600,137454973923.0
2023-01-03,1672704000,137442015493.0
2023-01-04,1672790400,137110563314.0
2023-01-05,1672876800,137062846905.0
2023-01-06,1672963200,136772164881.0
2023-01-07,1673049600,136459013265.0
2023-01-08,1673136000,136596474461.0
2023-01-09,1673222400,136575021783.0
2023-01-10,1673308800,136326203322.0
2023-01-11,1673395200,136506356344.0
2023-01-12,1673481600,136572855908.0
2023-01-13,1673568000,136671912282.0
2023-01-14,1673654400,136420249118.0
2023-01-15,1673740800,136612025328.0
2023-01-16,1673827200,136787130533.0
2023-01-17,1673913600,136710186110.0
2023-01-18,1674000000,136254621761.0
2023-01-19,1674086400,136136583497.0
2023-01-20,1674172800,136088256279.0
2023-01-21,1674259200,136280273037.0
2023-01-22,1674345600,136562513589.0
2023-01-23,1674432000,136658943316.0
2023-01-24,1674518400,136496759260.0
2023-01-25,1674604800,136518041461.0
2023-01-26,1674691200,136806901696.0
2023-01-27,1674777600,137016558937.0
2023-01-28,1674864000,136844934538.0
2023-01-29,1674950400,137001726301.0
2023-01-30,1675036800,136954238448.0
2023-01-31,1675123200,136622261802.0
2023-02-01,1675209600,136701038486.0
2023-02-02,1675296000,136648060543.0
2023-02-03,1675382400,136920131292.0
2023-02-04,1675468800,136640143005.0
2023-02-05,1675555200,136664055095.0
2023-02-06,1675641600,136708667208.0
2023-02-07,1675728000,136596615395.0
2023-02-08,1675814400,136440741078.0
2023-02-09,1675900800,136312002815.0
2023-02-10,1675987200,136174027423.0
2023-02-11,1676073600,136181813978.0
2023-02-12,1676160000,136176267826.0
2023-02-13,1676246400,136121109034.0
2023-02-14,1676332800,136233489369.0
2023-02-15,1676419200,136088895947.0
2023-02-16,1676505600,135703043005.0
2023-02-17,1676592000,135833107481.0
2023-02-18,1676678400,135770978035.0
2023-02-19,1676764800,135788590695.0
2023-02-20,1676851200,135838652785.0
2023-02-21,1676937600,135504034616.0
2023-02-22,1677024000,135272901820.0
2023-02-23,1677110400,135012058601.0
2023-02-24,1677196800,134871069073.0
2023-02-25,1677283200,134855093502.0
2023-02-26,1677369600,134976439527.0
2023-02-27,1677456000,134897788649.0
2023-02-28,1677542400,134598011067.0
2023-03-01,1677628800,134455610391.0
2023-03-02,1677715200,134286929536.0
2023-03-03,1677801600,134462132798.0
2023-03-04,1677888000,134487439968.0
2023-03-05,1677974400,134578051700.0
2023-03-06,1678060800,134646041124.0
2023-03-07,1678147200,134442923214.0
2023-03-08,1678233600,134466136644.0
2023-03-09,1678320000,134364643505.0
2023-03-10,1678406400,134371491348.0
2023-03-11,1678492800,134015399006.0
2023-03-12,1678579200,131234867571.0
2023-03-13,1678665600,134768059720.0
2023-03-14,1678752000,133438643231.0
2023-03-15,1678838400,132321136166.0
2023-03-16,1678924800,132679479135.0
2023-03-17,1679011200,132774050347.0
2023-03-18,1679097600,132755579538.0
2023-03-19,1679184000,133136757166.0
2023-03-20,1679270400,132866172521.0
2023-03-21,1679356800,133171107299.0
2023-03-22,1679443200,132992860397.0
2023-03-23,1679529600,132823056549.0
2023-03-24,1679616000,133009932398.0
2023-03-25,1679702400,133314984725.0
2023-03-26,1679788800,133441042456.0
2023-03-27,1679875200,132584857852.0
2023-03-28,1679961600,132169678294.0
2023-03-29,1680048000,131798152588.0
2023-03-30,1680134400,131744789169.0
2023-03-31,1680220800,131727344888.0
2023-04-01,1680307200,131215079685.0
2023-04-02,1680393600,131142616209.0
2023-04-03,1680480000,131367953551.0
2023-04-04,1680566400,131919729431.0
2023-04-05,1680652800,131285300974.0
2023-04-06,1680739200,131221409261.0
2023-04-07,1680825600,131432566779.0
2023-04-08,1680912000,131444301689.0
2023-04-09,1680998400,131634513804.0
2023-04-10,1681084800,131322420932.0
2023-04-11,1681171200,131428767130.0
2023-04-12,1681257600,131367794570.0
2023-04-13,1681344000,131292870912.0
2023-04-14,1681430400,131408503342.0
2023-04-15,1681516800,131357055451.0
2023-04-16,1681603200,131247395572.0
2023-04-17,1681689600,131166144989.0
2023-04-18,1681776000,131050337662.0
2023-04-19,1681862400,130782715221.0
2023-04-20,1681948800,130815625349.0
2023-04-21,1682035200,130642993399.0
2023-04-22,1682121600,129430536024.0
2023-04-23,1682208000,130306403993.0
2023-04-24,1682294400,130340660576.0
2023-04-25,1682380800,130271173682.0
2023-04-26,1682467200,130106693959.0
2023-04-27,1682553600,130269178722.0
2023-04-28,1682640000,130073483667.0
2023-04-29,1682726400,129957434267.0
2023-04-30,1682812800,129898107897.0
2023-05-01,1682899200,129933348723.0
2023-05-02,1682985600,130274969492.0
2023-05-03,1683072000,130297022520.0
2023-05-04,1683158400,129882757831.0
2023-05-05,1683244800,129762123803.0
2023-05-06,1683331200,130260153565.0
2023-05-07,1683417600,130181863824.0
2023-05-08,1683504000,130015021695.0
2023-05-09,1683590400,130102993575.0
2023-05-10,1683676800,130230224084.0
2023-05-11,1683763200,130081156232.0
2023-05-12,1683849600,130004263179.0
2023-05-13,1683936000,130044117826.0
2023-05-14,1684022400,130017558582.0
2023-05-15,1684108800,130013225266.0
2023-05-16,1684195200,129924836362.0
2023-05-17,1684281600,129746997186.0
2023-05-18,1684368000,129478180511.0
2023-05-19,1684454400,129604708095.0
2023-05-20,1684540800,129477882174.0
2023-05-21,1684627200,129602545343.0
2023-05-22,1684713600,129496286275.0
2023-05-23,1684800000,129379033068.0
2023-05-24,1684886400,129309993488.0
2023-05-25,1684972800,128914199572.0
2023-05-26,1685059200,128888069148.0
2023-05-27,1685145600,128880297082.0
2023-05-28,1685232000,128912215482.0
2023-05-29,1685318400,128960826208.0
2023-05-30,1685404800,128945183621.0
2023-05-31,1685491200,128901070051.0
2023-06-01,1685577600,128850909985.0
2023-06-02,1685664000,128776525845.0
2023-06-03,1685750400,128812123354.0
2023-06-04,1685836800,128726003080.0
2023-06-05,1685923200,128768606277.0
2023-06-06,1686009600,128634295777.0
2023-06-07,1686096000,128487699325.0
2023-06-08,1686182400,128360181677.0
2023-06-09,1686268800,128279669325.0
2023-06-10,1686355200,127790754993.0
2023-06-11,1686441600,127926193259.0
2023-06-12,1686528000,127984088696.0
2023-06-13,1686614400,127697723276.0
2023-06-14,1686700800,127559408969.0
2023-06-15,1686787200,127336855690.0
2023-06-16,1686873600,128136945268.0
2023-06-17,1686960000,128325882394.0
2023-06-18,1687046400,127988897513.0
2023-06-19,1687132800,127985635138.0
2023-06-20,1687219200,128099603715.0
2023-06-21,1687305600,128647589491.0
2023-06-22,1687392000,128164024627.0
2023-06-23,1687478400,128152201330.0
2023-06-24,1687564800,128206046421.0
2023-06-25,1687651200,128488626473.0
2023-06-26,1687737600,128266719969.0
2023-06-27,1687824000,128199350198.0
2023-06-28,1687910400,128253857345.0
2023-06-29,1687996800,127762528299.0
2023-06-30,1688083200,127696126803.0
2023-07-01,1688169600,127088380083.0
2023-07-02,1688256000,127066828482.0
2023-07-03,1688342400,127110699448.0
2023-07-04,1688428800,127297876207.0
2023-07-05,1688515200,127420692365.0
2023-07-06,1688601600,127253062727.0
2023-07-07,1688688000,126793981553.0
2023-07-08,1688774400,126790389101.0
2023-07-09,1688860800,126812683815.0
2023-07-10,1688947200,126706340037.0
2023-07-11,1689033600,126613586102.0
2023-07-12,1689120000,126462339306.0
2023-07-13,1689206400,126329651268.0
2023-07-14,1689292800,126598324525.0
2023-07-15,1689379200,126614821831.0
2023-07-16,1689465600,126662902641.0
2023-07-17,1689552000,126581288602.0
2023-07-18,1689638400,126421281412.0
2023-07-19,1689724800,126361242382.0
2023-07-20,1689811200,126087049767.0
2023-07-21,1689897600,126046063882.0
2023-07-22,1689984000,125893021769.0
2023-07-23,1690070400,125891829858.0
2023-07-24,1690156800,125792659517.0
2023-07-25,1690243200,125599210218.0
2023-07-26,1690329600,125513024946.0
2023-07-27,1690416000,125490996957.0
2023-07-28,1690502400,125320416785.0
2023-07-29,1690588800,125158144769.0
2023-07-30,1690675200,125400346941.0
2023-07-31,1690761600,125275869934.0
2023-08-01,1690848000,125210740962.0
2023-08-02,1690934400,124991322409.0
2023-08-03,1691020800,124819044906.0
2023-08-04,1691107200,124567396680.0
2023-08-05,1691193600,124313963282.0
2023-08-06,1691280000,124348346873.0
2023-08-07,1691366400,124301871611.0
2023-08-08,1691452800,124162214646.0
2023-08-09,1691539200,124384601724.0
2023-08-10,1691625600,124285507588.0
2023-08-11,1691712000,124030372626.0
2023-08-12,1691798400,123931009927.0
2023-08-13,1691884800,124042323821.0
2023-08-14,1691971200,124075359010.0
2023-08-15,1692057600,123627747939.0
2023-08-16,1692144000,123335304802.0
2023-08-17,1692230400,123030572214.0
2023-08-18,1692316800,123012242741.0
2023-08-19,1692403200,122660540921.0
2023-08-20,1692489600,122877645464.0
2023-08-21,1692576000,122997339160.0
2023-08-22,1692662400,124056504405.0
2023-08-23,1692748800,123951660114.0
2023-08-24,1692835200,123991720072.0
2023-08-25,1692921600,124056023295.0
2023-08-26,1693008000,124100056074.0
2023-08-27,1693094400,124112326374.0
2023-08-28,1693180800,124224026630.0
2023-08-29,1693267200,124282763061.0
2023-08-30,1693353600,124716260826.0
2023-08-31,1693440000,124842345255.0
2023-09-01,1693526400,124857422696.0
2023-09-02,1693612800,124851396659.0
2023-09-03,1693699200,124844882378.0
2023-09-04,1693785600,124881384157.0
2023-09-05,1693872000,124621537377.0
2023-09-06,1693958400,124164753687.0
2023-09-07,1694044800,123979226402.0
2023-09-08,1694131200,123755131754.0
2023-09-09,1694217600,123879024531.0
2023-09-10,1694304000,123949683291.0
2023-09-11,1694390400,124118973773.0
2023-09-12,1694476800,123888598516.0
2023-09-13,1694563200,124031159518.0
2023-09-14,1694649600,124045053187.0
2023-09-15,1694736000,124016889579.0
2023-09-16,1694822400,123888049181.0
2023-09-17,1694908800,123985604359.0
2023-09-18,1694995200,124011406235.0
2023-09-19,1695081600,123952475546.0
2023-09-20,1695168000,124073751114.0
2023-09-21,1695254400,124062274685.0
2023-09-22,1695340800,123992125119.0
2023-09-23,1695427200,124071821734.0
2023-09-24,1695513600,124084379622.0
2023-09-25,1695600000,124129856904.0
2023-09-26,1695686400,123913314418.0
2023-09-27,1695772800,123780062851.0
2023-09-28,1695859200,123702780585.0
2023-09-29,1695945600,123888758903.0
2023-09-30,1696032000,123444764341.0
2023-10-01,1696118400,123559096211.0
2023-10-02,1696204800,123590096529.0
2023-10-03,1696291200,123766591747.0
2023-10-04,1696377600,123613379470.0
2023-10-05,1696464000,123479583561.0
2023-10-06,1696550400,123655656671.0
2023-10-07,1696636800,123915345838.0
2023-10-08,1696723200,123903415258.0
2023-10-09,1696809600,123968708195.0
2023-10-10,1696896000,124019782417.0
2023-10-11,1696982400,123715682819.0
2023-10-12,1697068800,123492177938.0
2023-10-13,1697155200,123279382689.0
2023-10-14,1697241600,123274463607.0
2023-10-15,1697328000,123326762798.0
2023-10-16,1697414400,123394960965.0
2023-10-17,1697500800,123454281528.0
2023-10-18,1697587200,123648473815.0
2023-10-19,1697673600,123867559182.0
2023-10-20,1697760000,124462550355.0
2023-10-21,1697846400,124375033968.0
2023-10-22,1697932800,124346542758.0
2023-10-23,1698019200,124309587906.0
2023-10-24,1698105600,124601884858.0
2023-10-25,1698192000,123833880750.0
2023-10-26,1698278400,124233627337.0
2023-10-27,1698364800,124227611046.0
2023-10-28,1698451200,124055967622.0
2023-10-29,1698537600,124068582062.0
2023-10-30,1698624000,124190150653.0
2023-10-31,1698710400,124008468597.0
2023-11-01,1698796800,123905832203.0
2023-11-02,1698883200,124171216171.0
2023-11-03,1698969600,124056198829.0
2023-11-04,1699056000,124431862326.0
2023-11-05,1699142400,124583648486.0
2023-11-06,1699228800,124649601746.0
2023-11-07,1699315200,124690345432.0
2023-11-08,1699401600,125025863698.0
2023-11-09,1699488000,124978127264.0
2023-11-10,1699574400,125113811720.0
2023-11-11,1699660800,125405350270.0
2023-11-12,1699747200,125469906734.0
2023-11-13,1699833600,125482870660.0
2023-11-14,1699920000,125642666933.0
2023-11-15,1700006400,125494252603.0
2023-11-16,1700092800,125824738001.0
2023-11-17,1700179200,126149974871.0
2023-11-18,1700265600,126338101585.0
2023-11-19,1700352000,126498683249.0
2023-11-20,1700438400,126486272743.0
2023-11-21,1700524800,126953745063.0
2023-11-22,1700611200,127042938163.0
2023-11-23,1700697600,127068895756.0
2023-11-24,1700784000,127059418511.0
2023-11-25,1700870400,127689655425.0
2023-11-26,1700956800,127670199178.0
2023-11-27,1701043200,127640205277.0
2023-11-28,1701129600,127485552663.0
2023-11-29,1701216000,127772474167.0
2023-11-30,1701302400,127852719134.0
2023-12-01,1701388800,127948093173.0
2023-12-02,1701475200,128110223308.0
2023-12-03,1701561600,128174740983.0
2023-12-04,1701648000,128296081082.0
2023-12-05,1701734400,128103483042.0
2023-12-06,1701820800,128382059184.0
2023-12-07,1701907200,128409230273.0
2023-12-08,1701993600,128393716769.0
2023-12-09,1702080000,128575863142.0
2023-12-10,1702166400,128899947357.0
2023-12-11,1702252800,128869596763.0
2023-12-12,1702339200,128669914738.0
2023-12-13,1702425600,128030693760.0
2023-12-14,1702512000,128451763108.0
2023-12-15,1702598400,128634831991.0
2023-12-16,1702684800,128882935843.0
2023-12-17,1702771200,129041436012.0
2023-12-18,1702857600,128992830308.0
2023-12-19,1702944000,128948737697.0
2023-12-20,1703030400,129400463250.0
2023-12-21,1703116800,129746203152.0
2023-12-22,1703203200,129728001569.0
2023-12-23,1703289600,130073496579.0
2023-12-24,1703376000,130241787760.0
2023-12-25,1703462400,130182219084.0
2023-12-26,1703548800,130142144288.0
2023-12-27,1703635200,129831928513.0
2023-12-28,1703721600,130283545191.0
2023-12-29,1703808000,130102946794.0
2023-12-30,1703894400,130198905763.0
2023-12-31,1703980800,130100873955.0
2024-01-01,1704067200,129835465344.0
2024-01-02,1704153600,130359543289.0
2024-01-03,1704240000,130495587520.0
2024-01-04,1704326400,131034400020.0
2024-01-05,1704412800,131721601505.0
2024-01-06,1704499200,132136850036.0
2024-01-07,1704585600,132515556695.0
2024-01-08,1704672000,132442642373.0
2024-01-09,1704758400,132722037672.0
2024-01-10,1704844800,132693055518.0
2024-01-11,1704931200,133148676456.0
2024-01-12,1705017600,133467506552.0
2024-01-13,1705104000,132822771248.0
2024-01-14,1705190400,133458626347.0
2024-01-15,1705276800,133618377331.0
2024-01-16,1705363200,133303795971.0
2024-01-17,1705449600,133278138346.0
2024-01-18,1705536000,133813139215.0
2024-01-19,1705622400,133187146307.0
2024-01-20,1705708800,133357755233.0
2024-01-21,1705795200,133576068810.0
2024-01-22,1705881600,133298151343.0
2024-01-23,1705968000,133445247758.0
2024-01-24,1706054400,134239664029.0
2024-01-25,1706140800,134071787725.0
2024-01-26,1706227200,134259049797.0
2024-01-27,1706313600,134480470305.0
2024-01-28,1706400000,134553192201.0
2024-01-29,1706486400,134614894664.0
2024-01-30,1706572800,134937258573.0
2024-01-31,1706659200,134750117737.0
2024-02-01,1706745600,134786519351.0
2024-02-02,1706832000,135157723114.0
2024-02-03,1706918400,135132492095.0
2024-02-04,1707004800,135090414698.0
2024-02-05,1707091200,135168564024.0
2024-02-06,1707177600,135012752422.0
2024-02-07,1707264000,135351706897.0
2024-02-08,1707350400,135667630993.0
2024-02-09,1707436800,135966774702.0
2024-02-10,1707523200,136192593198.0
2024-02-11,1707609600,136463514053.0
2024-02-12,1707696000,136688944067.0
2024-02-13,1707782400,136284379153.0
2024-02-14,1707868800,136470963551.0
2024-02-15,1707955200,137431095301.0
2024-02-16,1708041600,137262657542.0
2024-02-17,1708128000,137619179089.0
2024-02-18,1708214400,137810375209.0
2024-02-19,1708300800,137706207623.0
2024-02-20,1708387200,137709750897.0
2024-02-21,1708473600,137807503911.0
2024-02-22,1708560000,137841062988.0
2024-02-23,1708646400,138199151984.0
2024-02-24,1708732800,138821066421.0
2024-02-25,1708819200,138581467409.0
2024-02-26,1708905600,138693603544.0
2024-02-27,1708992000,139148005602.0
2024-02-28,1709078400,139722158180.0
2024-02-29,1709164800,140197045346.0
2024-03-01,1709251200,140749449279.0
2024-03-02,1709337600,141304851068.0
2024-03-03,1709424000,141394227581.0
2024-03-04,1709510400,141792254627.0
2024-03-05,1709596800,141999585537.0
2024-03-06,1709683200,142164715866.0
2024-03-07,1709769600,142487669141.0
2024-03-08,1709856000,143005261947.0
2024-03-09,1709942400,144209742982.0
2024-03-10,1710028800,144508363687.0
2024-03-11,1710115200,144736914503.0
2024-03-12,1710201600,145477904658.0
2024-03-13,1710288000,145732944341.0
2024-03-14,1710374400,146536570116.0
2024-03-15,1710460800,146807368620.0
2024-03-16,1710547200,146722849744.0
2024-03-17,1710633600,146855193193.0
2024-03-18,1710720000,146529001543.0
2024-03-19,1710806400,147234672494.0
2024-03-20,1710892800,147623147605.0
2024-03-21,1710979200,147143684059.0
2024-03-22,1711065600,147707634309.0
2024-03-23,1711152000,147752673617.0
2024-03-24,1711238400,148085040442.0
2024-03-25,1711324800,147906937959.0
2024-03-26,1711411200,149232929479.0
2024-03-27,1711497600,149528490726.0
2024-03-28,1711584000,149487016829.0
2024-03-29,1711670400,149732467337.0
2024-03-30,1711756800,149939286818.0
2024-03-31,1711843200,150171409389.0
2024-04-01,1711929600,149906995726.0
2024-04-02,1712016000,150330438571.0
2024-04-03,1712102400,150981523184.0
2024-04-04,1712188800,152363668724.0
2024-04-05,1712275200,153239216598.0
2024-04-06,1712361600,154339943470.0
2024-04-07,1712448000,154367571366.0
2024-04-08,1712534400,154143542854.0
2024-04-09,1712620800,154172233337.0
2024-04-10,1712707200,153966643269.0
2024-04-11,1712793600,153675918103.0
2024-04-12,1712880000,154273055264.0
2024-04-13,1712966400,154479368835.0
2024-04-14,1713052800,155090997992.0
2024-04-15,1713139200,155118347030.0
2024-04-16,1713225600,155664848712.0
2024-04-17,1713312000,156656885689.0
2024-04-18,1713398400,154364386476.0
2024-04-19,1713484800,157600994660.0
2024-04-20,1713571200,156276857598.0
2024-04-21,1713657600,156392908286.0
2024-04-22,1713744000,158570394751.0
2024-04-23,1713830400,159115199780.0
2024-04-24,1713916800,159058333668.0
2024-04-25,1714003200,159599142810.0
2024-04-26,1714089600,159639918567.0
2024-04-27,1714176000,159431076344.0
2024-04-28,1714262400,159606156862.0
2024-04-29,1714348800,159599684201.0
2024-04-30,1714435200,159322079673.0
2024-05-01,1714521600,159481996837.0
2024-05-02,1714608000,159118521542.0
2024-05-03,1714694400,159253694523.0
2024-05-04,1714780800,159894414081.0
2024-05-05,1714867200,160193853222.0
2024-05-06,1714953600,160178998468.0
2024-05-07,1715040000,160125836168.0
2024-05-08,1715126400,159868427948.0
2024-05-09,1715212800,159760675591.0
2024-05-10,1715299200,159805642752.0
2024-05-11,1715385600,159596976793.0
2024-05-12,1715472000,159728264899.0
2024-05-13,1715558400,159685207983.0
2024-05-14,1715644800,159776738180.0
2024-05-15,1715731200,159556754306.0
2024-05-16,1715817600,160123997700.0
2024-05-17,1715904000,160267110601.0
2024-05-18,1715990400,160515760602.0
2024-05-19,1716076800,160852464994.0
2024-05-20,1716163200,160806872161.0
2024-05-21,1716249600,160510917895.0
2024-05-22,1716336000,160585011241.0
2024-05-23,1716422400,160635544091.0
2024-05-24,1716508800,160450160582.0
2024-05-25,1716595200,160809224456.0
2024-05-26,1716681600,160811334981.0
2024-05-27,1716768000,160514814670.0
2024-05-28,1716854400,160429560300.0
2024-05-29,1716940800,160175004615.0
2024-05-30,1717027200,159839802866.0
2024-05-31,1717113600,160250795420.0
2024-06-01,1717200000,160372577740.0
2024-06-02,1717286400,160426735664.0
2024-06-03,1717372800,160203799385.0
2024-06-04,1717459200,160531048086.0
2024-06-05,1717545600,160815349817.0
2024-06-06,1717632000,161005142656.0
2024-06-07,1717718400,161153566834.0
2024-06-08,1717804800,161477742937.0
2024-06-09,1717891200,161523651297.0
2024-06-10,1717977600,161576828310.0
2024-06-11,1718064000,161250169068.0
2024-06-12,1718150400,161073600343.0
2024-06-13,1718236800,161333446753.0
2024-06-14,1718323200,161424314240.0
2024-06-15,1718409600,161481659849.0
2024-06-16,1718496000,161212016131.0
2024-06-17,1718582400,161304990194.0
2024-06-18,1718668800,161141160511.0
2024-06-19,1718755200,161592233764.0
2024-06-20,1718841600,161381854536.0
2024-06-21,1718928000,161482664543.0
2024-06-22,1719014400,161757170763.0
2024-06-23,1719100800,161774637166.0
2024-06-24,1719187200,161488233084.0
2024-06-25,1719273600,161432664723.0
2024-06-26,1719360000,161460465681.0
2024-06-27,1719446400,161496819479.0
2024-06-28,1719532800,161401479371.0
2024-06-29,1719619200,161156681324.0
2024-06-30,1719705600,161137048879.0
2024-07-01,1719792000,160894863846.0
2024-07-02,1719878400,161101909610.0
2024-07-03,1719964800,161015967366.0
2024-07-04,1720051200,161079667216.0
2024-07-05,1720137600,161405027123.0
2024-07-06,1720224000,161768957778.0
2024-07-07,1720310400,161841086940.0
2024-07-08,1720396800,161862400565.0
2024-07-09,1720483200,161868637236.0
2024-07-10,1720569600,162169059294.0
2024-07-11,1720656000,162622935591.0
2024-07-12,1720742400,162592883467.0
2024-07-13,1720828800,162302698096.0
2024-07-14,1720915200,162581563234.0
2024-07-15,1721001600,162980738522.0
2024-07-16,1721088000,163053294252.0
2024-07-17,1721174400,163343379573.0
2024-07-18,1721260800,163518525359.0
2024-07-19,1721347200,163506488355.0
2024-07-20,1721433600,164457700269.0
2024-07-21,1721520000,164460787772.0
2024-07-22,1721606400,164454125832.0
2024-07-23,1721692800,164564507920.0
2024-07-24,1721779200,164785658324.0
2024-07-25,1721865600,164615187589.0
2024-07-26,1721952000,164167580656.0
2024-07-27,1722038400,164404103991.0
2024-07-28,1722124800,164577172043.0
2024-07-29,1722211200,164555814828.0
2024-07-30,1722297600,164196969774.0
2024-07-31,1722384000,164152316176.0
2024-08-01,1722470400,164097940238.0
2024-08-02,1722556800,163698121201.0
2024-08-03,1722643200,163811455087.0
2024-08-04,1722729600,163886091228.0
2024-08-05,1722816000,164034551489.0
2024-08-06,1722902400,164115340449.0
2024-08-07,1722988800,164590563449.0
2024-08-08,1723075200,166217852588.0
2024-08-09,1723161600,165849951016.0
2024-08-10,1723248000,166071437731.0
2024-08-11,1723334400,165681861165.0
2024-08-12,1723420800,166103815034.0
2024-08-13,1723507200,166476981789.0
2024-08-14,1723593600,166812394380.0
2024-08-15,1723680000,167448511246.0
2024-08-16,1723766400,167677294725.0
2024-08-17,1723852800,168280656208.0
2024-08-18,1723939200,168371441163.0
2024-08-19,1724025600,168354565969.0
2024-08-20,1724112000,168327592985.0
2024-08-21,1724198400,168759965224.0
2024-08-22,1724284800,169028967211.0
2024-08-23,1724371200,169168390377.0
2024-08-24,1724457600,169789134953.0
2024-08-25,1724544000,170136977125.0
2024-08-26,1724630400,170118850202.0
2024-08-27,1724716800,169860936977.0
2024-08-28,1724803200,169796376470.0
2024-08-29,1724889600,170020873057.0
2024-08-30,1724976000,170240016007.0
2024-08-31,1725062400,170154023384.0
2024-09-01,1725148800,169852487984.0
2024-09-02,1725235200,170323947850.0
2024-09-03,1725321600,170189401578.0
2024-09-04,1725408000,169815754210.0
2024-09-05,1725494400,170138556354.0
2024-09-06,1725580800,169847577712.0
2024-09-07,1725667200,169809434976.0
2024-09-08,1725753600,170068015116.0
2024-09-09,1725840000,170038121083.0
2024-09-10,1725926400,170711490230.0
2024-09-11,1726012800,170578919124.0
2024-09-12,1726099200,170591470034.0
2024-09-13,1726185600,170366803889.0
2024-09-14,1726272000,171131815875.0
2024-09-15,1726358400,171808167416.0
2024-09-16,1726444800,171459675809.0
2024-09-17,1726531200,171096882209.0
2024-09-18,1726617600,171696197462.0
2024-09-19,1726704000,171923050856.0
2024-09-20,1726790400,171822156899.0
2024-09-21,1726876800,172400244705.0
2024-09-22,1726963200,172642788466.0
2024-09-23,1727049600,172553651277.0
2024-09-24,1727136000,172449498325.0
2024-09-25,1727222400,172484067379.0
2024-09-26,1727308800,172708914572.0
2024-09-27,1727395200,173157646836.0
2024-09-28,1727481600,172900519296.0
2024-09-29,1727568000,172926402160.0
2024-09-30,1727654400,172915390270.0
2024-10-01,1727740800,172269887975.0
2024-10-02,1727827200,172681212957.0
2024-10-03,1727913600,172806561818.0
2024-10-04,1728000000,172671680514.0
2024-10-05,1728086400,172707070715.0
2024-10-06,1728172800,173489750814.0
2024-10-07,1728259200,172268154305.0
2024-10-08,1728345600,172846457976.0
2024-10-09,1728432000,172930782212.0
2024-10-10,1728518400,172969080562.0
2024-10-11,1728604800,172589272700.0
2024-10-12,1728691200,172961657978.0
2024-10-13,1728777600,173240261989.0
2024-10-14,1728864000,173555657548.0
2024-10-15,1728950400,172837006995.0
2024-10-16,1729036800,172892786783.0
2024-10-17,1729123200,172591920253.0
2024-10-18,1729209600,172564172571.0
2024-10-19,1729296000,172881953469.0
2024-10-20,1729382400,172904777148.0
2024-10-21,1729468800,172801521764.0
2024-10-22,1729555200,172985285030.0
2024-10-23,1729641600,172855847778.0
2024-10-24,1729728000,172345339827.0
2024-10-25,1729814400,171709248250.0
2024-10-26,1729900800,172583435552.0
2024-10-27,1729987200,172664156927.0
2024-10-28,1730073600,173088838687.0
2024-10-29,1730160000,172327514396.0
2024-10-30,1730246400,172931965244.0
2024-10-31,1730332800,173186270241.0
2024-11-01,1730419200,172620431472.0
2024-11-02,1730505600,173074254930.0
2024-11-03,1730592000,173144642725.0
2024-11-04,1730678400,173442669155.0
2024-11-05,1730764800,174853875597.0
2024-11-06,1730851200,174985162161.0
2024-11-07,1730937600,176739065473.0
2024-11-08,1731024000,177464487981.0
2024-11-09,1731110400,178630187640.0
2024-11-10,1731196800,178654990442.0
2024-11-11,1731283200,179919461318.0
2024-11-12,1731369600,180554325995.0
2024-11-13,1731456000,180726749856.0
2024-11-14,1731542400,181773685778.0
2024-11-15,1731628800,184021401752.0
2024-11-16,1731715200,184222005244.0
2024-11-17,1731801600,184575182506.0
2024-11-18,1731888000,185008978018.0
2024-11-19,1731974400,185243953568.0
2024-11-20,1732060800,185918391523.0
2024-11-21,1732147200,187726450727.0
2024-11-22,1732233600,188553218802.0
2024-11-23,1732320000,190465133514.0
2024-11-24,1732406400,192254183924.0
2024-11-25,1732492800,192596998828.0
2024-11-26,1732579200,191504522053.0
2024-11-27,1732665600,191871112668.0
2024-11-28,1732752000,193459346693.0
2024-11-29,1732838400,194382167862.0
2024-11-30,1732924800,195138344244.0
2024-12-01,1733011200,193249248373.0
2024-12-02,1733097600,193526654335.0
2024-12-03,1733184000,194461844198.0
2024-12-04,1733270400,194805780838.0
2024-12-05,1733356800,196121439361.0
2024-12-06,1733443200,196699879203.0
2024-12-07,1733529600,197842340728.0
2024-12-08,1733616000,198279763478.0
2024-12-09,1733702400,199172116375.0
2024-12-10,1733788800,199240351052.0
2024-12-11,1733875200,199636431005.0
2024-12-12,1733961600,201876584760.0
2024-12-13,1734048000,202360407739.0
2024-12-14,1734134400,203262648631.0
2024-12-15,1734220800,203541755212.0
2024-12-16,1734307200,203637654582.0
2024-12-17,1734393600,204143257036.0
2024-12-18,1734480000,204339806386.0
2024-12-19,1734566400,204567611363.0
2024-12-20,1734652800,205072235080.0
2024-12-21,1734739200,205131105196.0
2024-12-22,1734825600,205175402233.0
2024-12-23,1734912000,205846252887.0
2024-12-24,1734998400,205353501033.0
2024-12-25,1735084800,205779052450.0
2024-12-26,1735171200,206049222766.0
2024-12-27,1735257600,206545342648.0
2024-12-28,1735344000,206812344590.0
2024-12-29,1735430400,206582524990.0
2024-12-30,1735516800,206119081266.0
2024-12-31,1735603200,205431937343.0
2025-01-01,1735689600,204785078112.0
2025-01-02,1735776000,204337231443.0
2025-01-03,1735862400,206255536701.0
2025-01-04,1735948800,207992359749.0
2025-01-05,1736035200,207948088195.0
2025-01-06,1736121600,207892531889.0
2025-01-07,1736208000,208162486088.0
2025-01-08,1736294400,207627594043.0
2025-01-09,1736380800,207730075100.0
2025-01-10,1736467200,207471929038.0
2025-01-11,1736553600,207650602584.0
2025-01-12,1736640000,207543958997.0
2025-01-13,1736726400,207845788361.0
2025-01-14,1736812800,207763775484.0
2025-01-15,1736899200,208061410928.0
2025-01-16,1736985600,208917873333.0
2025-01-17,1737072000,209134129707.0
2025-01-18,1737158400,210852186509.0
2025-01-19,1737244800,210828614150.0
2025-01-20,1737331200,211199915298.0
2025-01-21,1737417600,211253188608.0
2025-01-22,1737504000,213970967867.0
2025-01-23,1737590400,215276201612.0
2025-01-24,1737676800,216025321649.0
2025-01-25,1737763200,216639657638.0
2025-01-26,1737849600,216678179410.0
2025-01-27,1737936000,216640335488.0
2025-01-28,1738022400,216852211136.0
2025-01-29,1738108800,217309213899.0
2025-01-30,1738195200,217520237986.0
2025-01-31,1738281600,218179842770.0
2025-02-01,1738368000,218378577054.0
2025-02-02,1738454400,218461587942.0
2025-02-03,1738540800,218510886474.0
2025-02-04,1738627200,219290787417.0
2025-02-05,1738713600,221967731878.0
2025-02-06,1738800000,223290249401.0
2025-02-07,1738886400,223734738785.0
2025-02-08,1738972800,224866419686.0
2025-02-09,1739059200,224948036781.0
2025-02-10,1739145600,225087080169.0
2025-02-11,1739232000,225256449595.0
2025-02-12,1739318400,225297621667.0
2025-02-13,1739404800,225537217335.0
2025-02-14,1739491200,225718350068.0
2025-02-15,1739577600,226041263368.0
2025-02-16,1739664000,226184348398.0
2025-02-17,1739750400,226404124842.0
2025-02-18,1739836800,226127540774.0
2025-02-19,1739923200,226037006558.0
2025-02-20,1740009600,226848076738.0
2025-02-21,1740096000,226762633144.0
2025-02-22,1740182400,227458909674.0
2025-02-23,1740268800,227237419602.0
2025-02-24,1740355200,227387946750.0
2025-02-25,1740441600,226785819234.0
2025-02-26,1740528000,225671233519.0
2025-02-27,1740614400,225089299044.0
2025-02-28,1740700800,225073231655.0
2025-03-01,1740787200,225946477518.0
2025-03-02,1740873600,225235773166.0
2025-03-03,1740960000,225215903923.0
2025-03-04,1741046400,225352576925.0
2025-03-05,1741132800,225897458396.0
2025-03-06,1741219200,226893019781.0
2025-03-07,1741305600,226974868862.0
2025-03-08,1741392000,228069912183.0
2025-03-09,1741478400,228155401760.0
2025-03-10,1741564800,228042980354.0
2025-03-11,1741651200,227652661270.0
2025-03-12,1741737600,228430393320.0
2025-03-13,1741824000,228820967152.0
2025-03-14,1741910400,229011981437.0
2025-03-15,1741996800,229794949730.0
2025-03-16,1742083200,229938838413.0
2025-03-17,1742169600,229900087434.0
2025-03-18,1742256000,230088510826.0
2025-03-19,1742342400,230415791622.0
2025-03-20,1742428800,231000016341.0
2025-03-21,1742515200,230880655979.0
2025-03-22,1742601600,231666519399.0
2025-03-23,1742688000,232612981772.0
2025-03-24,1742774400,232964284877.0
2025-03-25,1742860800,233978235122.0
2025-03-26,1742947200,235082096376.0
2025-03-27,1743033600,235214040753.0
2025-03-28,1743120000,234577428899.0
2025-03-29,1743206400,233999407833.0
2025-03-30,1743292800,234240218962.0
2025-03-31,1743379200,234189354342.0
2025-04-01,1743465600,234388583436.0
2025-04-02,1743552000,234598324363.0
2025-04-03,1743638400,234993686401.0
2025-04-04,1743724800,235124738730.0
2025-04-05,1743811200,234635849173.0
2025-04-06,1743897600,234335159646.0
2025-04-07,1743984000,233881007365.0
2025-04-08,1744070400,233498529186.0
2025-04-09,1744156800,233120214377.0
2025-04-10,1744243200,233239436024.0
2025-04-11,1744329600,233082820832.0
2025-04-12,1744416000,232952354869.0
2025-04-13,1744502400,233313893653.0
2025-04-14,1744588800,233112095406.0
2025-04-15,1744675200,233072291388.0
2025-04-16,1744761600,233519238092.0
2025-04-17,1744848000,233694848781.0
2025-04-18,1744934400,234210033971.0
2025-04-19,1745020800,233676037727.0
2025-04-20,1745107200,233726176548.0
2025-04-21,1745193600,233904041126.0
2025-04-22,1745280000,234072976657.0
2025-04-23,1745366400,235274332096.0
2025-04-24,1745452800,235796317362.0
2025-04-25,1745539200,236851053580.0
2025-04-26,1745625600,237476805619.0
2025-04-27,1745712000,238109747683.0
2025-04-28,1745798400,238829271617.0
2025-04-29,1745884800,239528471890.0
2025-04-30,1745971200,240996530235.0
2025-05-01,1746057600,241259187187.0
2025-05-02,1746144000,241411335434.0
2025-05-03,1746230400,241826228602.0
2025-05-04,1746316800,242200463848.0
2025-05-05,1746403200,242166110323.0
2025-05-06,1746489600,242046794734.0
2025-05-07,1746576000,241272355629.0
2025-05-08,1746662400,241410362308.0
2025-05-09,1746748800,242047597829.0
2025-05-10,1746835200,241929876437.0
2025-05-11,1746921600,242148862194.0
2025-05-12,1747008000,242156607724.0
2025-05-13,1747094400,241617022762.0
2025-05-14,1747180800,241470406995.0
2025-05-15,1747267200,241883399599.0
2025-05-16,1747353600,242443307976.0
2025-05-17,1747440000,242985941780.0
2025-05-18,1747526400,243043705715.0
2025-05-19,1747612800,243190956992.0
2025-05-20,1747699200,243129103411.0
2025-05-21,1747785600,243449711221.0
2025-05-22,1747872000,244474459306.0
2025-05-23,1747958400,244995420792.0
2025-05-24,1748044800,245318500679.0
2025-05-25,1748131200,245612750491.0
2025-05-26,1748217600,245622199207.0
2025-05-27,1748304000,245861719850.0
2025-05-28,1748390400,245635918419.0
2025-05-29,1748476800,245632061271.0
2025-05-30,1748563200,245809250833.0
2025-05-31,1748649600,245964482083.0
2025-06-01,1748736000,246090901195.0
2025-06-02,1748822400,246343309192.0
2025-06-03,1748908800,246975587187.0
2025-06-04,1748995200,247662843582.0
2025-06-05,1749081600,248069260729.0
2025-06-06,1749168000,247857537204.0
2025-06-07,1749254400,248523097039.0
2025-06-08,1749340800,248860081305.0
2025-06-09,1749427200,248873743831.0
2025-06-10,1749513600,249224165846.0
2025-06-11,1749600000,248965485140.0
2025-06-12,1749686400,249527799917.0
2025-06-13,1749772800,249480543740.0
2025-06-14,1749859200,250287171463.0
2025-06-15,1749945600,250207720961.0
2025-06-16,1750032000,250154695952.0
2025-06-17,1750118400,250064483509.0
2025-06-18,1750204800,250244433439.0
2025-06-19,1750291200,250279494300.0
2025-06-20,1750377600,250168870580.0
2025-06-21,1750464000,249953183016.0
2025-06-22,1750550400,249942038527.0
2025-06-23,1750636800,250120228719.0
2025-06-24,1750723200,249570395652.0
2025-06-25,1750809600,251338256136.0
2025-06-26,1750896000,251161550412.0
2025-06-27,1750982400,251327787730.0
2025-06-28,1751068800,251644108339.0
2025-06-29,1751155200,251971975909.0
2025-06-30,1751241600,251967194979.0
2025-07-01,1751328000,252239980367.0
2025-07-02,1751414400,252504026433.0
2025-07-03,1751500800,252901950727.0
2025-07-04,1751587200,253207738008.0
2025-07-05,1751673600,253359483750.0
2025-07-06,1751760000,253587932263.0
2025-07-07,1751846400,253618547701.0
2025-07-08,1751932800,253795505146.0
2025-07-09,1752019200,253726728821.0
2025-07-10,1752105600,254192584141.0
2025-07-11,1752192000,255341945728.0
2025-07-12,1752278400,256295583438.0
2025-07-13,1752364800,256567523930.0
2025-07-14,1752451200,256724725314.0
2025-07-15,1752537600,256365392108.0
2025-07-16,1752624000,255340920280.0
2025-07-17,1752710400,258034985821.0
2025-07-18,1752796800,258836223095.0
2025-07-19,1752883200,259298601544.0
2025-07-20,1752969600,259652808916.0
2025-07-21,1753056000,260029545130.0
2025-07-22,1753142400,260482587224.0
2025-07-23,1753228800,260970113149.0
2025-07-24,1753315200,261979120118.0
2025-07-25,1753401600,263122925170.0
2025-07-26,1753488000,262923020657.0
2025-07-27,1753574400,263532905262.0
2025-07-28,1753660800,263887361364.0
2025-07-29,1753747200,263847700758.0
2025-07-30,1753833600,263902066324.0
2025-07-31,1753920000,264543706586.0
2025-08-01,1754006400,265078794897.0
2025-08-02,1754092800,265343417084.0
2025-08-03,1754179200,265349927767.0
2025-08-04,1754265600,265905451679.0
2025-08-05,1754352000,266398910035.0
2025-08-06,1754438400,266551126982.0
2025-08-07,1754524800,266675087850.0
2025-08-08,1754611200,267605811470.0
2025-08-09,1754697600,268200456706.0
2025-08-10,1754784000,268923108782.0
2025-08-11,1754870400,268302315834.0
2025-08-12,1754956800,269036018251.0
2025-08-13,1755043200,269902074912.0
2025-08-14,1755129600,271545839324.0
2025-08-15,1755216000,273193797962.0
2025-08-16,1755302400,274713912741.0
2025-08-17,1755388800,274671271342.0
2025-08-18,1755475200,275489521428.0
2025-08-19,1755561600,275511058750.0
2025-08-20,1755648000,275469210052.0
2025-08-21,1755734400,275871094521.0
2025-08-22,1755820800,274752813390.0
2025-08-23,1755907200,274656564860.0
2025-08-24,1755993600,275996407400.0
2025-08-25,1756080000,276067224002.0
2025-08-26,1756166400,277922555810.0
2025-08-27,1756252800,278200576395.0
2025-08-28,1756339200,278741381012.0
2025-08-29,1756425600,281112941287.0
2025-08-30,1756512000,281286141265.0
2025-08-31,1756598400,281648396302.0
2025-09-01,1756684800,282390342610.0
2025-09-02,1756771200,282388294934.0
2025-09-03,1756857600,281540408604.0
2025-09-04,1756944000,283396243290.0
2025-09-05,1757030400,286021794335.0
2025-09-06,1757116800,284468408477.0
2025-09-07,1757203200,284528868790.0
2025-09-08,1757289600,284295571860.0
2025-09-09,1757376000,284456229468.0
2025-09-10,1757462400,284957358422.0
2025-09-11,1757548800,285070695334.0
2025-09-12,1757635200,285864781827.0
2025-09-13,1757721600,287245864450.0
2025-09-14,1757808000,287957707997.0
2025-09-15,1757894400,287986355240.0
2025-09-16,1757980800,288291591120.0
2025-09-17,1758067200,289089069863.0
2025-09-18,1758153600,289284150773.0
2025-09-19,1758240000,290401294816.0
2025-09-20,1758326400,291190108411.0
2025-09-21,1758412800,291399530194.0
2025-09-22,1758499200,291395256036.0
2025-09-23,1758585600,292269991452.0
2025-09-24,1758672000,293096626964.0
2025-09-25,1758758400,293895135874.0
2025-09-26,1758844800,294050747088.0
2025-09-27,1758931200,294788326541.0
2025-09-28,1759017600,294985781736.0
2025-09-29,1759104000,295224977181.0
2025-09-30,1759190400,296037503307.0
2025-10-01,1759276800,297460576774.0
2025-10-02,1759363200,298361293675.0
2025-10-03,1759449600,299545053889.0
2025-10-04,1759536000,301072271444.0
2025-10-05,1759622400,301599345518.0
2025-10-06,1759708800,301133551408.0
2025-10-07,1759795200,301806986198.0
2025-10-08,1759881600,302600504990.0
2025-10-09,1759968000,302616824964.0
2025-10-10,1760054400,302838849305.0
2025-10-11,1760140800,303167002584.0
2025-10-12,1760227200,302728627751.0
2025-10-13,1760313600,302785209835.0
2025-10-14,1760400000,303672162338.0
2025-10-15,1760486400,304904931854.0
2025-10-16,1760572800,305720354871.0
2025-10-17,1760659200,305789358226.0
2025-10-18,1760745600,306059857032.0
2025-10-19,1760832000,306085655367.0
2025-10-20,1760918400,306361294670.0
2025-10-21,1761004800,306320276563.0
2025-10-22,1761091200,307353870193.0
2025-10-23,1761177600,306757639834.0
2025-10-24,1761264000,306952887327.0
2025-10-25,1761350400,307577214665.0
2025-10-26,1761436800,307336534829.0
2025-10-27,1761523200,307195223956.0
2025-10-28,1761609600,306844254243.0
2025-10-29,1761696000,307026320487.0
2025-10-30,1761782400,306303133495.0
2025-10-31,1761868800,305922016008.0
2025-11-01,1761955200,305950380607.0
2025-11-02,1762041600,306102662765.0
2025-11-03,1762128000,305849482176.0
2025-11-04,1762214400,305797606436.0
2025-11-05,1762300800,304627106698.0
2025-11-06,1762387200,304465222438.0
2025-11-07,1762473600,303700116043.0
2025-11-08,1762560000,304046471807.0
2025-11-09,1762646400,303509582561.0
2025-11-10,1762732800,303455529628.0
2025-11-11,1762819200,303661330824.0
2025-11-12,1762905600,304023700219.0
2025-11-13,1762992000,303958688440.0
2025-11-14,1763078400,303401397787.0
2025-11-15,1763164800,302709397659.0
2025-11-16,1763251200,302588180615.0
2025-11-17,1763337600,302244543729.0
2025-11-18,1763424000,301870264370.0
2025-11-19,1763510400,301842233305.0
2025-11-20,1763596800,301621578125.0
2025-11-21,1763683200,301564616793.0
2025-11-22,1763769600,301298039122.0
2025-11-23,1763856000,301478839907.0
2025-11-24,1763942400,301236770431.0
2025-11-25,1764028800,302545550639.0
2025-11-26,1764115200,303104505087.0
2025-11-27,1764201600,303926729539.0
2025-11-28,1764288000,304351581452.0
2025-11-29,1764374400,304906993480.0
2025-11-30,1764460800,305069430202.0
2025-12-01,1764547200,304760494358.0
2025-12-02,1764633600,305608228918.0
2025-12-03,1764720000,306388342427.0
2025-12-04,1764806400,306333382738.0
2025-12-05,1764892800,306841411518.0
2025-12-06,1764979200,307042787634.0
2025-12-07,1765065600,306996183167.0
2025-12-08,1765152000,307189207670.0
2025-12-09,1765238400,307537694886.0
2025-12-10,1765324800,307694222713.0
2025-12-11,1765411200,307791971462.0
2025-12-12,1765497600,308760507773.0
2025-12-13,1765584000,308833689359.0
2025-12-14,1765670400,308710341007.0
2025-12-15,1765756800,308410241731.0
2025-12-16,1765843200,308195495702.0
2025-12-17,1765929600,308184222191.0
2025-12-18,1766016000,308104630196.0
2025-12-19,1766102400,307555233342.0
2025-12-20,1766188800,308046200471.0
2025-12-21,1766275200,309116758204.0
2025-12-22,1766361600,307884360522.0
2025-12-23,1766448000,307973362247.0
2025-12-24,1766534400,307578686220.0
2025-12-25,1766620800,307072461410.0
2025-12-26,1766707200,307241506398.0
2025-12-27,1766793600,307171929489.0
2025-12-28,1766880000,307050516847.0
2025-12-29,1766966400,306894720896.0
2025-12-30,1767052800,306775512629.0
2025-12-31,1767139200,306438350239.0
2026-01-01,1767225600,305693935209.0
2026-01-02,1767312000,305721944097.0
2026-01-03,1767398400,306506856575.0
2026-01-04,1767484800,306406644227.0
2026-01-05,1767571200,306747237803.0
2026-01-06,1767657600,307301023923.0
2026-01-07,1767744000,306873623595.0
2026-01-08,1767830400,306616697153.0
2026-01-09,1767916800,306259848523.0
2026-01-10,1768003200,306577697857.0
2026-01-11,1768089600,306437759504.0
2026-01-12,1768176000,306437038911.0
2026-01-13,1768262400,305892250175.0
2026-01-14,1768348800,307402183517.0
2026-01-15,1768435200,308308105299.0
2026-01-16,1768521600,309173174487.0
2026-01-17,1768608000,309744322491.0
2026-01-18,1768694400,310025112932.0
2026-01-19,1768780800,309840612586.0
2026-01-20,1768867200,309636420371.0
2026-01-21,1768953600,307941026049.0
2026-01-22,1769040000,307414082368.0
2026-01-23,1769126400,307121541907.0
2026-01-24,1769212800,307529957791.0
2026-01-25,1769299200,307505578641.0
2026-01-26,1769385600,307450638677.0
2026-01-27,1769472000,306889211745.0
2026-01-28,1769558400,306821565607.0
2026-01-29,1769644800,306508052573.0
2026-01-30,1769731200,305181893753.0
2026-01-31,1769817600,304122524741.0
2026-02-01,1769904000,303514665017.0
2026-02-02,1769990400,303841262966.0
2026-02-03,1770076800,304081609419.0
2026-02-04,1770163200,304532579076.0
2026-02-05,1770249600,304597719153.0
2026-02-06,1770336000,303883417696.0
2026-02-07,1770422400,304224777923.0
2026-02-08,1770508800,304766712166.0
2026-02-09,1770595200,305964453625.0
2026-02-10,1770681600,305668394659.0
2026-02-11,1770768000,305246285304.0
2026-02-12,1770854400,305142551168.0
2026-02-13,1770940800,304931689802.0
2026-02-14,1771027200,305802794286.0
2026-02-15,1771113600,305912124437.0
2026-02-16,1771200000,306052404672.0
2026-02-17,1771286400,306285366297.0
2026-02-18,1771372800,305899835805.0
2026-02-19,1771459200,306157461720.0
2026-02-20,1771545600,306165858997.0
2026-02-21,1771632000,305717850038.0
2026-02-22,1771718400,305648148637.0
2026-02-23,1771804800,306809628483.0
2026-02-24,1771891200,306617531460.0
2026-02-25,1771977600,306860743819.0
2026-02-26,1772064000,307490977568.0
2026-02-27,1772150400,306995487004.0
2026-02-28,1772236800,307282796068.0
2026-03-01,1772323200,307574654036.0
2026-03-02,1772409600,307192852887.0
2026-03-03,1772496000,308299449925.0
2026-03-04,1772582400,308553728566.0
2026-03-05,1772668800,309504490683.0
2026-03-06,1772755200,310539502529.0
2026-03-07,1772841600,310722919504.0
2026-03-08,1772928000,310744010054.0
2026-03-09,1773014400,310903275911.0
2026-03-10,1773100800,311939231656.0
2026-03-11,1773187200,312254284350.0
2026-03-12,1773273600,312564435518.0
2026-03-13,1773360000,313188148273.0
2026-03-14,1773446400,313646170273.0
2026-03-15,1773532800,313601619802.0
2026-03-16,1773619200,313571102112.0
2026-03-17,1773705600,313637013466.0
2026-03-18,1773792000,313771450948.0
2026-03-19,1773878400,313305340405.0
2026-03-20,1773964800,313649267587.0
2026-03-21,1774051200,313814067415.0
2026-03-22,1774137600,313813224113.0
2026-03-23,1774224000,313777853374.0
2026-03-24,1774310400,313214395124.0
2026-03-25,1774396800,313335562262.0
2026-03-26,1774483200,313448104617.0
2026-03-27,1774569600,312954811964.0
2026-03-28,1774656000,312813841144.0
2026-03-29,1774742400,312740063106.0
2026-03-30,1774828800,312865958744.0
2026-03-31,1774915200,313141971025.0
2026-04-01,1775001600,313908399499.0
2026-04-02,1775088000,314135140701.0
2026-04-03,1775174400,314404767246.0
2026-04-04,1775260800,314798147602.0
2026-04-05,1775347200,314725040347.0
2026-04-06,1775433600,314740533934.0
2026-04-07,1775520000,314259947479.0
2026-04-08,1775606400,314962626392.0
2026-04-09,1775692800,314987526551.0
2026-04-10,1775779200,315403583492.0
2026-04-11,1775865600,316112969457.0
2026-04-12,1775952000,316193734142.0
2026-04-13,1776038400,316288600196.0
2026-04-14,1776124800,316428201789.0
2026-04-15,1776211200,317473854485.0
2026-04-16,1776297600,317520371800.0
2026-04-17,1776384000,318022720386.0
2026-04-18,1776470400,318865916953.0
2026-04-19,1776556800,319031444458.0
2026-04-20,1776643200,318107829589.0
2026-04-21,1776729600,318165540483.0
2026-04-22,1776816000,318887991963.0
2026-04-23,1776902400,318495023615.0
2026-04-24,1776988800,318227319651.0
2026-04-25,1777075200,318053188956.0
2026-04-26,1777161600,318159765468.0
2026-04-27,1777248000,318141521456.0
2026-04-28,1777334400,317926479184.0
2026-04-29,1777420800,318056702130.0
2026-04-30,1777507200,317259805856.0
2026-05-01,1777593600,317946727811.0
2026-05-02,1777680000,318176043410.0
2026-05-03,1777766400,318245168139.0
2026-05-04,1777852800,318588130746.0
2026-05-05,1777939200,319121287364.0
2026-05-06,1778025600,320011435156.0
2026-05-07,1778112000,320281016932.0
2026-05-08,1778198400,320542987518.0
2026-05-09,1778284800,319187435902.0
2026-05-10,1778371200,319924712859.0
2026-05-11,1778457600,320207034379.0
2026-05-12,1778544000,320414840201.0
2026-05-13,1778630400,320169447115.0
2026-05-14,1778716800,319739560139.0
2026-05-15,1778803200,319855540712.0
2026-05-16,1778889600,320535722770.0
2026-05-17,1778976000,320832009185.0
2026-05-18,1779062400,320733646041.0
2026-05-19,1779148800,320489404477.0
2026-05-20,1779235200,319979069210.0
2026-05-21,1779321600,319478092392.0
2026-05-22,1779408000,320241157486.0
2026-05-23,1779494400,320304619845.0
2026-05-24,1779580800,320241377883.0
2026-05-25,1779667200,319978007931.0
2026-05-26,1779753600,320131617595.0
2026-05-27,1779840000,319790674340.0
2026-05-28,1779926400,319174697170.0
2026-05-29,1780012800,318225212566.0
2026-05-30,1780099200,317792299513.0
2026-05-31,1780185600,317557732184.0
2026-06-01,1780272000,317347652191.0
2026-06-02,1780358400,317347661764.0
2026-06-03,1780444800,316662831443.0
2026-06-04,1780531200,315928613920.0
2026-06-05,1780617600,314615905574.0
2026-06-06,1780704000,314047957622.0
2026-06-07,1780790400,313576642861.0
2026-06-08,1780876800,313703598223.0
2026-06-09,1780963200,314160012397.0
2026-06-10,1781049600,313182960343.0
2026-06-11,1781136000,313089853444.0
2026-06-12,1781222400,312945971629.0
2026-06-13,1781308800,312551562268.0
2026-06-14,1781395200,312610110270.0
2026-06-15,1781481600,312512301268.0
2026-06-16,1781568000,312963579787.0
2026-06-17,1781654400,312841843751.0
2026-06-18,1781740800,312496029318.0
2026-06-19,1781827200,312671372032.0
2026-06-20,1781913600,312699894562.0
2026-06-21,1782000000,312758814140.0
2026-06-22,1782086400,312827386962.0
2026-06-23,1782172800,312861697553.0
2026-06-24,1782259200,312228772147.0
2026-06-25,1782345600,311863577566.0
2026-06-26,1782432000,311971467851.0
2026-06-27,1782518400,310561460469.0
2026-06-28,1782604800,310555537191.0
2026-06-29,1782691200,310214594906.0
2026-06-30,1782777600,309545160878.0
2026-07-01,1782864000,308799353194.0
2026-07-02,1782950400,308943579168.0
2026-07-03,1783036800,308731813862.0
2026-07-04,1783123200,308574683036.0
2026-07-05,1783209600,308479930085.0
2026-07-06,1783296000,309471408537.0
2026-07-07,1783382400,309007457360.0
2026-07-08,1783468800,306843581752.0
2026-07-09,1783555200,306849662112.0
2026-07-10,1783641600,307733326373.0
2026-07-11,1783728000,308107669491.0
2026-07-12,1783814400,308035296117.0
2026-07-13,1783900800,307778629629.0
2026-07-14,1783987200,306515428942.0
2026-07-15,1784073600,306792237399.0
2026-07-16,1784160000,306044969675.0
2026-07-17,1784246400,306313323493.37
